title,link,website_element
Тёплые заметки из Адыгеи,https://ling.hse.ru/news/1158923575.html,h2 > a
Истории Школы лингвистики. Владимир Файер: «Лингвистика — это что-то совершенно потрясающее»,https://ling.hse.ru/news/1158822027.html,h2 > a
IV конференция Terra Hominis: на пути в большую науку,https://ling.hse.ru/news/1157801182.html,h2 > a
10-й Колмогоровский семинар по компьютерной лингвистике и наукам о языке,https://ling.hse.ru/news/1157677938.html,h2 > a
Новая книга Бориса Орехова,https://ling.hse.ru/news/1155318940.html,h2 > a
Русский язык от грамматики до нейросетей: на ФГН НИУ ВШЭ стартовала международная конференция,https://hum.hse.ru/news/1153768144.html,h2 > a
Сотрудники Центра языка и мозга разработали тест для оценки читательского опыта у детей,https://www.hse.ru/neuroling/news/1153659037.html,h2 > a
Το Βυζαντινό ντάτασετ: как рассказывать византинистам о DH-проекте,https://www.hse.ru/ma/dh/news/1151842432.html,h2 > a
Сотрудницы Центра языка и мозга стали победительницами стипендиального конкурса Фонда Потанина,https://ling.hse.ru/news/1154811944.html,h2 > a
